lr-Adam,lr-Adam-1,step,aeloss_step,train/total_loss,train/logvar,train/kl_loss,train/nll_loss,train/rec_loss,train/d_weight,train/disc_factor,train/g_loss,discloss_step,train/disc_loss,train/logits_real,train/logits_fake,epoch,aeloss_epoch,discloss_epoch,val/rec_loss,val/total_loss,val/logvar,val/kl_loss,val/nll_loss,val/d_weight,val/disc_factor,val/g_loss,val/disc_loss,val/logits_real,val/logits_fake,valid_mse_epoch,valid_mae_epoch
5.027442371020857e-07,5.027442371020857e-07,326,,,,,,,,,,,,,,,,,,,,,,,,,,,,,
,,326,151.2172088623047,2419.475341796875,0.0,841.9730834960938,2419.474609375,0.14767301082611084,1211.6334228515625,0.0,1.0640692710876465,0.0,0.0,-1.0728240013122559,-1.0640692710876465,0,,,,,,,,,,,,,,,
5.054884742041713e-07,5.054884742041713e-07,653,,,,,,,,,,,,,,,,,,,,,,,,,,,,,
,,653,97.02518463134766,1552.4029541015625,0.0,1323.231201171875,1552.401611328125,0.09475107491016388,1752.0596923828125,0.0,1.0438345670700073,0.0,0.0,-1.0390596389770508,-1.0438345670700073,0,,,,,,,,,,,,,,,
5.083699231613612e-07,5.083699231613612e-07,980,,,,,,,,,,,,,,,,,,,,,,,,,,,,,
,,980,85.75354766845703,1372.0567626953125,0.0,1931.8460693359375,1372.0548095703125,0.08374357968568802,833.9585571289062,0.0,1.0596765279769897,0.0,0.0,-1.0619031190872192,-1.0596765279769897,0,,,,,,,,,,,,,,,
5.111141602634468e-07,5.111141602634468e-07,1307,,,,,,,,,,,,,,,,,,,,,,,,,,,,,
,,1307,69.35861206054688,1109.73779296875,0.0,2031.67626953125,1109.7357177734375,0.06773289293050766,3850.581787109375,0.0,1.0422004461288452,0.0,0.0,-1.0394928455352783,-1.0422004461288452,0,,,,,,,,,,,,,,,
5.139956092206368e-07,5.139956092206368e-07,1634,,,,,,,,,,,,,,,,,,,,,,,,,,,,,
,,1634,61.18416213989258,978.9465942382812,0.0,2112.0234375,978.9444580078125,0.0597500279545784,1234.5155029296875,0.0,1.0557000637054443,0.0,0.0,-1.060344934463501,-1.0557000637054443,0,,,,,,,,,,,,,,,
5.167398463227224e-07,5.167398463227224e-07,1961,,,,,,,,,,,,,,,,,,,,,,,,,,,,,
,,1961,73.12124633789062,1169.93994140625,0.0,2468.407470703125,1169.9375,0.07140731811523438,3043.886962890625,0.0,1.0407826900482178,0.0,0.0,-1.0678536891937256,-1.0407826900482178,0,,,,,,,,,,,,,,,
5.196212952799122e-07,5.196212952799122e-07,2288,,,,,,,,,,,,,,,,,,,,,,,,,,,,,
,,2288,68.86104583740234,1101.7767333984375,0.0,2561.407958984375,1101.774169921875,0.06724695861339569,854.674560546875,0.0,1.0615872144699097,0.0,0.0,-1.0859265327453613,-1.0615872144699097,0,,,,,,,,,,,,,,,
5.223655323819979e-07,5.223655323819979e-07,2615,,,,,,,,,,,,,,,,,,,,,,,,,,,,,
,,2615,51.07435607910156,817.189697265625,0.0,2299.9296875,817.1873779296875,0.04987715929746628,3736.8154296875,0.0,1.0408235788345337,0.0,0.0,-1.047314167022705,-1.0408235788345337,0,,,,,,,,,,,,,,,
5.251097694840835e-07,5.251097694840835e-07,2942,,,,,,,,,,,,,,,,,,,,,,,,,,,,,
,,2942,50.740840911865234,811.8534545898438,0.0,2614.326904296875,811.850830078125,0.04955144226551056,4806.16064453125,0.0,1.037115454673767,0.0,0.0,-1.0601584911346436,-1.037115454673767,0,,,,,,,,,,,,,,,
5.279912184412734e-07,5.279912184412734e-07,3269,,,,,,,,,,,,,,,,,,,,,,,,,,,,,
,,3269,43.419254302978516,694.7080688476562,0.0,2728.5341796875,694.705322265625,0.042401447892189026,2256.293701171875,0.0,1.0259822607040405,0.0,0.0,-1.0453211069107056,-1.0259822607040405,0,,,,,,,,,,,,,,,
5.30735455543359e-07,5.30735455543359e-07,3596,,,,,,,,,,,,,,,,,,,,,,,,,,,,,
,,3596,38.2020263671875,611.232421875,0.0,2424.69873046875,611.22998046875,0.037306517362594604,1104.986328125,0.0,1.0180796384811401,0.0,0.0,-1.0382778644561768,-1.0180796384811401,0,,,,,,,,,,,,,,,
5.336169045005489e-07,5.336169045005489e-07,3923,,,,,,,,,,,,,,,,,,,,,,,,,,,,,
,,3923,53.14710235595703,850.3536376953125,0.0,2864.377685546875,850.3507690429688,0.05190129205584526,5000.0,0.0,1.0443358421325684,0.0,0.0,-1.0673227310180664,-1.0443358421325684,0,,,,,,,,,,,,,,,
5.363611416026345e-07,5.363611416026345e-07,4250,,,,,,,,,,,,,,,,,,,,,,,,,,,,,
,,4250,42.74397659301758,683.9036254882812,0.0,2805.288818359375,683.9008178710938,0.041741993278265,2797.06201171875,0.0,1.0530753135681152,0.0,0.0,-1.063313364982605,-1.0530753135681152,0,,,,,,,,,,,,,,,
5.392425905598245e-07,5.392425905598245e-07,4577,,,,,,,,,,,,,,,,,,,,,,,,,,,,,
,,4577,40.045555114746094,640.7288818359375,0.0,2687.86328125,640.7261962890625,0.0391068235039711,5000.0,0.0,1.0043131113052368,0.0,0.0,-1.0215941667556763,-1.0043131113052368,0,,,,,,,,,,,,,,,
5.419868276619101e-07,5.419868276619101e-07,4904,,,,,,,,,,,,,,,,,,,,,,,,,,,,,
,,4904,39.24479675292969,627.916748046875,0.0,2630.773193359375,627.9141235351562,0.038324836641550064,4695.95703125,0.0,1.018882393836975,0.0,0.0,-1.0482577085494995,-1.018882393836975,0,,,,,,,,,,,,,,,
5.447310647639957e-07,5.447310647639957e-07,5231,,,,,,,,,,,,,,,,,,,,,,,,,,,,,
,,5231,40.03175735473633,640.5081176757812,0.0,2650.162109375,640.5054931640625,0.03909335285425186,5000.0,0.0,1.0465127229690552,0.0,0.0,-1.075560450553894,-1.0465127229690552,0,,,,,,,,,,,,,,,
5.476125137211856e-07,5.476125137211856e-07,5558,,,,,,,,,,,,,,,,,,,,,,,,,,,,,
,,5558,45.906803131103516,734.5088500976562,0.0,2860.60302734375,734.5059814453125,0.04483068734407425,5000.0,0.0,1.039046287536621,0.0,0.0,-1.065017580986023,-1.039046287536621,0,,,,,,,,,,,,,,,
5.503567508232712e-07,5.503567508232712e-07,5885,,,,,,,,,,,,,,,,,,,,,,,,,,,,,
,,5885,43.14607238769531,690.337158203125,0.0,2948.63232421875,690.334228515625,0.04213465750217438,5000.0,0.0,1.0762569904327393,0.0,0.0,-1.0852550268173218,-1.0762569904327393,0,,,,,,,,,,,,,,,
5.532381997804611e-07,5.532381997804611e-07,6212,,,,,,,,,,,,,,,,,,,,,,,,,,,,,
,,6212,36.346473693847656,581.5435791015625,0.0,2710.66162109375,581.5408935546875,0.03549443930387497,2395.218017578125,0.0,1.022249460220337,0.0,0.0,-1.0452443361282349,-1.022249460220337,0,,,,,,,,,,,,,,,
5.559824368825467e-07,5.559824368825467e-07,6539,,,,,,,,,,,,,,,,,,,,,,,,,,,,,
,,6539,45.399742126464844,726.3958740234375,0.0,2901.2041015625,726.3929443359375,0.0443355068564415,5000.0,0.0,1.0523282289505005,0.0,0.0,-1.0707815885543823,-1.0523282289505005,0,,,,,,,,,,,,,,,
5.588638858397366e-07,5.588638858397366e-07,6866,,,,,,,,,,,,,,,,,,,,,,,,,,,,,
,,6866,40.547828674316406,648.7652587890625,0.0,2938.869140625,648.7623291015625,0.03959731012582779,1885.074462890625,0.0,1.0365866422653198,0.0,0.0,-1.0519598722457886,-1.0365866422653198,0,,,,,,,,,,,,,,,
5.616081229418223e-07,5.616081229418223e-07,7193,,,,,,,,,,,,,,,,,,,,,,,,,,,,,
,,7193,39.113922119140625,625.82275390625,0.0,2932.427734375,625.81982421875,0.03819701075553894,4171.86181640625,0.0,1.0259052515029907,0.0,0.0,-1.0391476154327393,-1.0259052515029907,0,,,,,,,,,,,,,,,
5.644895718990122e-07,5.644895718990122e-07,7520,,,,,,,,,,,,,,,,,,,,,,,,,,,,,
,,7520,38.81576156616211,621.0521850585938,0.0,2853.462890625,621.04931640625,0.03790584206581116,5000.0,0.0,1.053877830505371,0.0,0.0,-1.070554494857788,-1.053877830505371,0,,,,,,,,,,,,,,,
5.672338090010978e-07,5.672338090010978e-07,7847,,,,,,,,,,,,,,,,,,,,,,,,,,,,,
,,7847,40.513633728027344,648.2181396484375,0.0,2844.84521484375,648.2152709960938,0.039563920348882675,3763.636962890625,0.0,1.0845030546188354,0.0,0.0,-1.1028648614883423,-1.0845030546188354,0,,,,,,,,,,,,,,,
5.699780461031834e-07,5.699780461031834e-07,8174,,,,,,,,,,,,,,,,,,,,,,,,,,,,,
,,8174,35.54413986206055,568.7062377929688,0.0,2991.6142578125,568.7032470703125,0.03471089154481888,1343.340087890625,0.0,1.0268056392669678,0.0,0.0,-1.0592389106750488,-1.0268056392669678,0,,,,,,,,,,,,,,,
5.728594950603733e-07,5.728594950603733e-07,8501,,,,,,,,,,,,,,,,,,,,,,,,,,,,,
,,8501,37.33849334716797,597.4158935546875,0.0,3032.332275390625,597.412841796875,0.036463186144828796,5000.0,0.0,1.0308083295822144,0.0,0.0,-1.0629830360412598,-1.0308083295822144,0,,,,,,,,,,,,,,,
5.756037321624589e-07,5.756037321624589e-07,8828,,,,,,,,,,,,,,,,,,,,,,,,,,,,,
,,8828,38.8472900390625,621.556640625,0.0,3021.3740234375,621.5535888671875,0.03793662041425705,2564.97265625,0.0,1.0368353128433228,0.0,0.0,-1.0707957744598389,-1.0368353128433228,0,,,,,,,,,,,,,,,
5.784851811196488e-07,5.784851811196488e-07,9155,,,,,,,,,,,,,,,,,,,,,,,,,,,,,
,,9155,37.09445571899414,593.5112915039062,0.0,3110.214599609375,593.5081787109375,0.036224864423274994,1550.92724609375,0.0,1.0255889892578125,0.0,0.0,-1.0396391153335571,-1.0255889892578125,0,,,,,,,,,,,,,,,
5.812294182217344e-07,5.812294182217344e-07,9482,,,,,,,,,,,,,,,,,,,,,,,,,,,,,
,,9482,35.14762496948242,562.3619995117188,0.0,3120.36865234375,562.35888671875,0.034323662519454956,478.8985900878906,0.0,1.0345369577407837,0.0,0.0,-1.037473201751709,-1.0345369577407837,0,,,,,,,,,,,,,,,
5.841108671789244e-07,5.841108671789244e-07,9809,,,,,,,,,,,,,,,,,,,,,,,,,,,,,
,,9809,29.521800994873047,472.34881591796875,0.0,3172.92041015625,472.34564208984375,0.02882969006896019,3562.141357421875,0.0,1.006057620048523,0.0,0.0,-1.0288100242614746,-1.006057620048523,0,,,,,,,,,,,,,,,
5.8685510428101e-07,5.8685510428101e-07,10136,,,,,,,,,,,,,,,,,,,,,,,,,,,,,
,,10136,41.79734802246094,668.757568359375,0.0,3298.97705078125,668.7542724609375,0.04081752151250839,5000.0,0.0,1.0628098249435425,0.0,0.0,-1.0791540145874023,-1.0628098249435425,0,,,,,,,,,,,,,,,
5.895993413830955e-07,5.895993413830955e-07,10463,,,,,,,,,,,,,,,,,,,,,,,,,,,,,
,,10463,41.89277267456055,670.2843627929688,0.0,3341.45751953125,670.281005859375,0.04091070592403412,5000.0,0.0,1.0696669816970825,0.0,0.0,-1.0674914121627808,-1.0696669816970825,0,,,,,,,,,,,,,,,
,,10494,,,,,,,,,,,,,,0,55.190460205078125,0.0,,,,,,,,,,,,,
5.923435784851812e-07,5.923435784851812e-07,10790,,,,,,,,,,,,,,,,,,,,,,,,,,,,,
,,10790,46.26148223876953,740.1837158203125,0.0,3153.430908203125,740.1805419921875,0.04517703503370285,5000.0,0.0,1.0741976499557495,0.0,0.0,-1.0997898578643799,-1.0741976499557495,1,,,,,,,,,,,,,,,
5.950878155872669e-07,5.950878155872669e-07,11117,,,,,,,,,,,,,,,,,,,,,,,,,,,,,
,,11117,35.708160400390625,571.33056640625,0.0,3440.147216796875,571.3271484375,0.034871041774749756,2647.63037109375,0.0,1.0368155241012573,0.0,0.0,-1.0552924871444702,-1.0368155241012573,1,,,,,,,,,,,,,,,
5.979692645444567e-07,5.979692645444567e-07,11444,,,,,,,,,,,,,,,,,,,,,,,,,,,,,
,,11444,33.90692138671875,542.5107421875,0.0,3184.38427734375,542.507568359375,0.03311203420162201,766.2069702148438,0.0,1.0236525535583496,0.0,0.0,-1.061030626296997,-1.0236525535583496,1,,,,,,,,,,,,,,,
6.007135016465423e-07,6.007135016465423e-07,11771,,,,,,,,,,,,,,,,,,,,,,,,,,,,,
,,11771,25.705066680908203,411.28106689453125,0.0,3557.150634765625,411.2774963378906,0.025102386251091957,5000.0,0.0,1.02297842502594,0.0,0.0,-1.0288609266281128,-1.02297842502594,1,,,,,,,,,,,,,,,
6.035949506037323e-07,6.035949506037323e-07,12098,,,,,,,,,,,,,,,,,,,,,,,,,,,,,
,,12098,39.37029266357422,629.9246826171875,0.0,3344.23291015625,629.9213256835938,0.03844734653830528,5000.0,0.0,1.0325692892074585,0.0,0.0,-1.0627588033676147,-1.0325692892074585,1,,,,,,,,,,,,,,,
6.063391877058178e-07,6.063391877058178e-07,12425,,,,,,,,,,,,,,,,,,,,,,,,,,,,,
,,12425,30.40056610107422,486.4090576171875,0.0,3478.66943359375,486.40557861328125,0.02968784049153328,2627.63134765625,0.0,1.0254868268966675,0.0,0.0,-1.0352877378463745,-1.0254868268966675,1,,,,,,,,,,,,,,,
6.092206366630078e-07,6.092206366630078e-07,12752,,,,,,,,,,,,,,,,,,,,,,,,,,,,,
,,12752,45.495758056640625,727.93212890625,0.0,3567.7333984375,727.9285888671875,0.0444292351603508,4507.041015625,0.0,1.0653475522994995,0.0,0.0,-1.0818175077438354,-1.0653475522994995,1,,,,,,,,,,,,,,,
6.119648737650934e-07,6.119648737650934e-07,13079,,,,,,,,,,,,,,,,,,,,,,,,,,,,,
,,13079,32.105350494384766,513.6856079101562,0.0,3532.64111328125,513.6820678710938,0.03135266527533531,1680.7166748046875,0.0,0.9912283420562744,0.0,0.0,-1.0271673202514648,-0.9912283420562744,1,,,,,,,,,,,,,,,
6.14709110867179e-07,6.14709110867179e-07,13406,,,,,,,,,,,,,,,,,,,,,,,,,,,,,
,,13406,34.699893951416016,555.1983032226562,0.0,3533.16748046875,555.1947631835938,0.03388639912009239,5000.0,0.0,1.0281221866607666,0.0,0.0,-1.0700345039367676,-1.0281221866607666,1,,,,,,,,,,,,,,,
6.17590559824369e-07,6.17590559824369e-07,13733,,,,,,,,,,,,,,,,,,,,,,,,,,,,,
,,13733,26.20975685119629,419.3561096191406,0.0,3557.94091796875,419.3525390625,0.025595247745513916,3253.831298828125,0.0,1.0379552841186523,0.0,0.0,-1.0488241910934448,-1.0379552841186523,1,,,,,,,,,,,,,,,
6.203347969264546e-07,6.203347969264546e-07,14060,,,,,,,,,,,,,,,,,,,,,,,,,,,,,
,,14060,41.06852340698242,657.0963745117188,0.0,3625.05029296875,657.0927734375,0.04010576009750366,5000.0,0.0,1.0677926540374756,0.0,0.0,-1.0786422491073608,-1.0677926540374756,1,,,,,,,,,,,,,,,
6.232162458836444e-07,6.232162458836444e-07,14387,,,,,,,,,,,,,,,,,,,,,,,,,,,,,
,,14387,30.293067932128906,484.6890869140625,0.0,3623.56201171875,484.6854553222656,0.029582852497696877,5000.0,0.0,1.0517040491104126,0.0,0.0,-1.0554763078689575,-1.0517040491104126,1,,,,,,,,,,,,,,,
6.259604829857301e-07,6.259604829857301e-07,14714,,,,,,,,,,,,,,,,,,,,,,,,,,,,,
,,14714,33.19678497314453,531.1485595703125,0.0,3900.305419921875,531.1446533203125,0.032418496906757355,2439.213623046875,0.0,1.0542970895767212,0.0,0.0,-1.0662288665771484,-1.0542970895767212,1,,,,,,,,,,,,,,,
6.288419319429199e-07,6.288419319429199e-07,15041,,,,,,,,,,,,,,,,,,,,,,,,,,,,,
,,15041,28.9016170501709,462.4258728027344,0.0,3734.8818359375,462.4221496582031,0.028224008157849312,1367.5782470703125,0.0,1.0036109685897827,0.0,0.0,-1.043173909187317,-1.0036109685897827,1,,,,,,,,,,,,,,,
6.315861690450056e-07,6.315861690450056e-07,15368,,,,,,,,,,,,,,,,,,,,,,,,,,,,,
,,15368,22.66520881652832,362.6433410644531,0.0,3758.7568359375,362.63958740234375,0.022133763879537582,1759.018798828125,0.0,1.0173988342285156,0.0,0.0,-1.022434949874878,-1.0173988342285156,1,,,,,,,,,,,,,,,
6.344676180021955e-07,6.344676180021955e-07,15695,,,,,,,,,,,,,,,,,,,,,,,,,,,,,
,,15695,41.50386428833008,664.0618286132812,0.0,3561.49658203125,664.0582885742188,0.04053090140223503,2973.769287109375,0.0,1.075340747833252,0.0,0.0,-1.090952754020691,-1.075340747833252,1,,,,,,,,,,,,,,,
6.372118551042811e-07,6.372118551042811e-07,16022,,,,,,,,,,,,,,,,,,,,,,,,,,,,,
,,16022,32.406005859375,518.49609375,0.0,3754.08740234375,518.4923095703125,0.031646259129047394,3051.70263671875,0.0,1.0593150854110718,0.0,0.0,-1.0715947151184082,-1.0593150854110718,1,,,,,,,,,,,,,,,
6.399560922063667e-07,6.399560922063667e-07,16349,,,,,,,,,,,,,,,,,,,,,,,,,,,,,
,,16349,34.1825065612793,546.9201049804688,0.0,3750.2080078125,546.9163818359375,0.03338112682104111,3895.1953125,0.0,1.0468289852142334,0.0,0.0,-1.0731191635131836,-1.0468289852142334,1,,,,,,,,,,,,,,,
6.428375411635567e-07,6.428375411635567e-07,16676,,,,,,,,,,,,,,,,,,,,,,,,,,,,,
,,16676,34.54033279418945,552.6453247070312,0.0,4053.86865234375,552.6412963867188,0.03373054787516594,3504.75732421875,0.0,1.0352833271026611,0.0,0.0,-1.043713092803955,-1.0352833271026611,1,,,,,,,,,,,,,,,
6.455817782656422e-07,6.455817782656422e-07,17003,,,,,,,,,,,,,,,,,,,,,,,,,,,,,
,,17003,28.01654815673828,448.2647705078125,0.0,4078.34814453125,448.26068115234375,0.02735966071486473,2363.152587890625,0.0,1.0453605651855469,0.0,0.0,-1.059418797492981,-1.0453605651855469,1,,,,,,,,,,,,,,,
6.484632272228321e-07,6.484632272228321e-07,17330,,,,,,,,,,,,,,,,,,,,,,,,,,,,,
,,17330,22.763187408447266,364.21099853515625,0.0,3970.69775390625,364.20703125,0.022229433059692383,5000.0,0.0,1.0199307203292847,0.0,0.0,-1.0397053956985474,-1.0199307203292847,1,,,,,,,,,,,,,,,
6.512074643249178e-07,6.512074643249178e-07,17657,,,,,,,,,,,,,,,,,,,,,,,,,,,,,
,,17657,27.240253448486328,435.84405517578125,0.0,4115.2900390625,435.8399353027344,0.026601558551192284,2661.254150390625,0.0,1.0070197582244873,0.0,0.0,-1.040453314781189,-1.0070197582244873,1,,,,,,,,,,,,,,,
6.540889132821076e-07,6.540889132821076e-07,17984,,,,,,,,,,,,,,,,,,,,,,,,,,,,,
,,17984,26.985872268676758,431.7739562988281,0.0,3879.39453125,431.77008056640625,0.026353154331445694,3554.755126953125,0.0,1.026304006576538,0.0,0.0,-1.0560442209243774,-1.026304006576538,1,,,,,,,,,,,,,,,
6.568331503841932e-07,6.568331503841932e-07,18311,,,,,,,,,,,,,,,,,,,,,,,,,,,,,
,,18311,40.467864990234375,647.48583984375,0.0,4134.25537109375,647.481689453125,0.03951914608478546,3460.256591796875,0.0,1.0755819082260132,0.0,0.0,-1.0950957536697388,-1.0755819082260132,1,,,,,,,,,,,,,,,
6.595773874862789e-07,6.595773874862789e-07,18638,,,,,,,,,,,,,,,,,,,,,,,,,,,,,
,,18638,39.89180374145508,638.2688598632812,0.0,4236.32275390625,638.2646484375,0.03895658254623413,5000.0,0.0,1.081971287727356,0.0,0.0,-1.082371473312378,-1.081971287727356,1,,,,,,,,,,,,,,,
6.624588364434687e-07,6.624588364434687e-07,18965,,,,,,,,,,,,,,,,,,,,,,,,,,,,,
,,18965,32.01496505737305,512.2394409179688,0.0,4132.0009765625,512.2352905273438,0.03126436099410057,2037.122314453125,0.0,1.0163668394088745,0.0,0.0,-1.031172513961792,-1.0163668394088745,1,,,,,,,,,,,,,,,
6.652030735455545e-07,6.652030735455545e-07,19292,,,,,,,,,,,,,,,,,,,,,,,,,,,,,
,,19292,33.026790618896484,528.4286499023438,0.0,4230.30126953125,528.4244384765625,0.032252468168735504,5000.0,0.0,1.0812525749206543,0.0,0.0,-1.0866665840148926,-1.0812525749206543,1,,,,,,,,,,,,,,,
6.680845225027443e-07,6.680845225027443e-07,19619,,,,,,,,,,,,,,,,,,,,,,,,,,,,,
,,19619,33.232460021972656,531.7193603515625,0.0,4222.302734375,531.7151489257812,0.03245331719517708,2365.037841796875,0.0,1.0569345951080322,0.0,0.0,-1.0589408874511719,-1.0569345951080322,1,,,,,,,,,,,,,,,
6.708287596048299e-07,6.708287596048299e-07,19946,,,,,,,,,,,,,,,,,,,,,,,,,,,,,
,,19946,36.155460357666016,578.4873657226562,0.0,4212.302734375,578.483154296875,0.035307809710502625,3728.916259765625,0.0,1.056077003479004,0.0,0.0,-1.0719873905181885,-1.056077003479004,1,,,,,,,,,,,,,,,
6.737102085620198e-07,6.737102085620198e-07,20273,,,,,,,,,,,,,,,,,,,,,,,,,,,,,
,,20273,29.767152786254883,476.2744445800781,0.0,4373.2138671875,476.27008056640625,0.029069218784570694,5000.0,0.0,1.0590978860855103,0.0,0.0,-1.0733652114868164,-1.0590978860855103,1,,,,,,,,,,,,,,,
6.764544456641055e-07,6.764544456641055e-07,20600,,,,,,,,,,,,,,,,,,,,,,,,,,,,,
,,20600,36.272804260253906,580.3648681640625,0.0,4415.2900390625,580.3604736328125,0.035422392189502716,4690.70849609375,0.0,1.055512547492981,0.0,0.0,-1.0675188302993774,-1.055512547492981,1,,,,,,,,,,,,,,,
6.793358946212954e-07,6.793358946212954e-07,20927,,,,,,,,,,,,,,,,,,,,,,,,,,,,,
,,20927,25.360647201538086,405.7703552246094,0.0,4459.73828125,405.7658996582031,0.02476598508656025,3467.29541015625,0.0,1.019168496131897,0.0,0.0,-1.0294266939163208,-1.019168496131897,1,,,,,,,,,,,,,,,
,,20989,,,,,,,,,,,,,,1,33.525997161865234,0.0,,,,,,,,,,,,,
6.819429198682767e-07,6.819429198682767e-07,21254,,,,,,,,,,,,,,,,,,,,,,,,,,,,,
,,21254,33.4277229309082,534.8435668945312,0.0,4429.38720703125,534.839111328125,0.032643988728523254,5000.0,0.0,1.04746413230896,0.0,0.0,-1.054930567741394,-1.04746413230896,2,,,,,,,,,,,,,,,
6.846871569703623e-07,6.846871569703623e-07,21581,,,,,,,,,,,,,,,,,,,,,,,,,,,,,
,,21581,20.783876419067383,332.5420227050781,0.0,4327.92431640625,332.5376892089844,0.0202964898198843,3496.344482421875,0.0,1.0110011100769043,0.0,0.0,-1.0361052751541138,-1.0110011100769043,2,,,,,,,,,,,,,,,
6.875686059275521e-07,6.875686059275521e-07,21908,,,,,,,,,,,,,,,,,,,,,,,,,,,,,
,,21908,27.807519912719727,444.9203186035156,0.0,4712.5751953125,444.9156188964844,0.027155494317412376,5000.0,0.0,1.0223993062973022,0.0,0.0,-1.039010763168335,-1.0223993062973022,2,,,,,,,,,,,,,,,
6.903128430296379e-07,6.903128430296379e-07,22235,,,,,,,,,,,,,,,,,,,,,,,,,,,,,
,,22235,29.812828063964844,477.0052490234375,0.0,4334.599609375,477.00091552734375,0.029113825410604477,5000.0,0.0,0.9983327388763428,0.0,0.0,-1.0203955173492432,-0.9983327388763428,2,,,,,,,,,,,,,,,
6.931942919868277e-07,6.931942919868277e-07,22562,,,,,,,,,,,,,,,,,,,,,,,,,,,,,
,,22562,26.159072875976562,418.545166015625,0.0,4582.810546875,418.54058837890625,0.025545690208673477,3653.539306640625,0.0,1.0536184310913086,0.0,0.0,-1.0648764371871948,-1.0536184310913086,2,,,,,,,,,,,,,,,
6.959385290889135e-07,6.959385290889135e-07,22889,,,,,,,,,,,,,,,,,,,,,,,,,,,,,
,,22889,34.32940673828125,549.2705078125,0.0,4548.611328125,549.2659301757812,0.0335245318710804,5000.0,0.0,1.0394285917282104,0.0,0.0,-1.0581486225128174,-1.0394285917282104,2,,,,,,,,,,,,,,,
6.988199780461033e-07,6.988199780461033e-07,23216,,,,,,,,,,,,,,,,,,,,,,,,,,,,,
,,23216,33.3589973449707,533.7439575195312,0.0,4535.7001953125,533.7394409179688,0.032576870173215866,5000.0,0.0,1.0828403234481812,0.0,0.0,-1.088365077972412,-1.0828403234481812,2,,,,,,,,,,,,,,,
7.015642151481888e-07,7.015642151481888e-07,23543,,,,,,,,,,,,,,,,,,,,,,,,,,,,,
,,23543,28.96512794494629,463.4420471191406,0.0,4507.3916015625,463.4375305175781,0.028285982087254524,5000.0,0.0,1.0111430883407593,0.0,0.0,-1.0258516073226929,-1.0111430883407593,2,,,,,,,,,,,,,,,
7.044456641053788e-07,7.044456641053788e-07,23870,,,,,,,,,,,,,,,,,,,,,,,,,,,,,
,,23870,32.286399841308594,516.5823974609375,0.0,4378.75,516.5780029296875,0.031529419124126434,4264.6591796875,0.0,1.0629836320877075,0.0,0.0,-1.0803132057189941,-1.0629836320877075,2,,,,,,,,,,,,,,,
7.071899012074644e-07,7.071899012074644e-07,24197,,,,,,,,,,,,,,,,,,,,,,,,,,,,,
,,24197,33.6437873840332,538.3005981445312,0.0,4712.5078125,538.2958984375,0.03285497426986694,1646.628662109375,0.0,1.0518195629119873,0.0,0.0,-1.0611810684204102,-1.0518195629119873,2,,,,,,,,,,,,,,,
7.099341383095501e-07,7.099341383095501e-07,24524,,,,,,,,,,,,,,,,,,,,,,,,,,,,,
,,24524,31.713573455810547,507.41717529296875,0.0,4731.7041015625,507.4124450683594,0.030969997867941856,5000.0,0.0,1.0546965599060059,0.0,0.0,-1.060080885887146,-1.0546965599060059,2,,,,,,,,,,,,,,,
7.1281558726674e-07,7.1281558726674e-07,24851,,,,,,,,,,,,,,,,,,,,,,,,,,,,,
,,24851,27.0830020904541,433.3280334472656,0.0,4686.439453125,433.3233337402344,0.026447957381606102,5000.0,0.0,0.9891444444656372,0.0,0.0,-1.0079782009124756,-0.9891444444656372,2,,,,,,,,,,,,,,,
7.155598243688255e-07,7.155598243688255e-07,25178,,,,,,,,,,,,,,,,,,,,,,,,,,,,,
,,25178,24.743602752685547,395.89764404296875,0.0,4515.23779296875,395.89312744140625,0.024163398891687393,5000.0,0.0,1.0180460214614868,0.0,0.0,-1.061474084854126,-1.0180460214614868,2,,,,,,,,,,,,,,,
7.184412733260154e-07,7.184412733260154e-07,25505,,,,,,,,,,,,,,,,,,,,,,,,,,,,,
,,25505,21.6386775970459,346.2188415527344,0.0,4459.984375,346.2143859863281,0.021131249144673347,3047.358154296875,0.0,1.0150443315505981,0.0,0.0,-1.040990948677063,-1.0150443315505981,2,,,,,,,,,,,,,,,
7.211855104281011e-07,7.211855104281011e-07,25832,,,,,,,,,,,,,,,,,,,,,,,,,,,,,
,,25832,34.013065338134766,544.2090454101562,0.0,4683.27587890625,544.204345703125,0.03321559727191925,5000.0,0.0,1.0600661039352417,0.0,0.0,-1.0674209594726562,-1.0600661039352417,2,,,,,,,,,,,,,,,
7.24066959385291e-07,7.24066959385291e-07,26159,,,,,,,,,,,,,,,,,,,,,,,,,,,,,
,,26159,29.252315521240234,468.03704833984375,0.0,4689.978515625,468.0323486328125,0.028566427528858185,5000.0,0.0,1.0418583154678345,0.0,0.0,-1.0644841194152832,-1.0418583154678345,2,,,,,,,,,,,,,,,
7.268111964873765e-07,7.268111964873765e-07,26486,,,,,,,,,,,,,,,,,,,,,,,,,,,,,
,,26486,27.470890045166016,439.53424072265625,0.0,5114.53369140625,439.52911376953125,0.026826728135347366,1017.00439453125,0.0,1.0341795682907104,0.0,0.0,-1.0459238290786743,-1.0341795682907104,2,,,,,,,,,,,,,,,
7.295554335894623e-07,7.295554335894623e-07,26813,,,,,,,,,,,,,,,,,,,,,,,,,,,,,
,,26813,34.75544738769531,556.087158203125,0.0,4707.3408203125,556.0824584960938,0.03394057974219322,5000.0,0.0,1.0635138750076294,0.0,0.0,-1.0794997215270996,-1.0635138750076294,2,,,,,,,,,,,,,,,
7.324368825466521e-07,7.324368825466521e-07,27140,,,,,,,,,,,,,,,,,,,,,,,,,,,,,
,,27140,29.47878074645996,471.6604919433594,0.0,5032.0185546875,471.65545654296875,0.028787564486265182,3046.106201171875,0.0,1.0587706565856934,0.0,0.0,-1.0707556009292603,-1.0587706565856934,2,,,,,,,,,,,,,,,
7.351811196487376e-07,7.351811196487376e-07,27467,,,,,,,,,,,,,,,,,,,,,,,,,,,,,
,,27467,31.6165828704834,505.8653259277344,0.0,4964.66259765625,505.8603515625,0.03087526559829712,5000.0,0.0,1.053839087486267,0.0,0.0,-1.0647380352020264,-1.053839087486267,2,,,,,,,,,,,,,,,
7.380625686059276e-07,7.380625686059276e-07,27794,,,,,,,,,,,,,,,,,,,,,,,,,,,,,
,,27794,27.813940048217773,445.0230407714844,0.0,4894.123046875,445.0181579589844,0.027161752805113792,1135.233154296875,0.0,1.0196017026901245,0.0,0.0,-1.052117109298706,-1.0196017026901245,2,,,,,,,,,,,,,,,
7.408068057080132e-07,7.408068057080132e-07,28121,,,,,,,,,,,,,,,,,,,,,,,,,,,,,
,,28121,32.215484619140625,515.44775390625,0.0,4990.1357421875,515.4427490234375,0.03146012872457504,5000.0,0.0,1.0361427068710327,0.0,0.0,-1.0519131422042847,-1.0361427068710327,2,,,,,,,,,,,,,,,
7.436882546652032e-07,7.436882546652032e-07,28448,,,,,,,,,,,,,,,,,,,,,,,,,,,,,
,,28448,37.7857551574707,604.5720825195312,0.0,4947.1103515625,604.567138671875,0.03689984977245331,5000.0,0.0,1.0370254516601562,0.0,0.0,-1.0515775680541992,-1.0370254516601562,2,,,,,,,,,,,,,,,
7.464324917672888e-07,7.464324917672888e-07,28775,,,,,,,,,,,,,,,,,,,,,,,,,,,,,
,,28775,31.378442764282227,502.0550842285156,0.0,5028.064453125,502.050048828125,0.03064270317554474,5000.0,0.0,1.0381611585617065,0.0,0.0,-1.0495144128799438,-1.0381611585617065,2,,,,,,,,,,,,,,,
7.493139407244787e-07,7.493139407244787e-07,29102,,,,,,,,,,,,,,,,,,,,,,,,,,,,,
,,29102,25.34048080444336,405.44769287109375,0.0,5127.63818359375,405.44256591796875,0.024746250361204147,5000.0,0.0,1.0266141891479492,0.0,0.0,-1.0418479442596436,-1.0266141891479492,2,,,,,,,,,,,,,,,
7.520581778265643e-07,7.520581778265643e-07,29429,,,,,,,,,,,,,,,,,,,,,,,,,,,,,
,,29429,34.44832992553711,551.1732788085938,0.0,5183.33544921875,551.1680908203125,0.033640630543231964,5000.0,0.0,1.0460072755813599,0.0,0.0,-1.0620025396347046,-1.0460072755813599,2,,,,,,,,,,,,,,,
7.548024149286499e-07,7.548024149286499e-07,29756,,,,,,,,,,,,,,,,,,,,,,,,,,,,,
,,29756,27.77030372619629,444.3248596191406,0.0,5112.0615234375,444.3197326660156,0.027119124308228493,5000.0,0.0,1.073746919631958,0.0,0.0,-1.0809686183929443,-1.073746919631958,2,,,,,,,,,,,,,,,
7.576838638858398e-07,7.576838638858398e-07,30083,,,,,,,,,,,,,,,,,,,,,,,,,,,,,
,,30083,25.02312469482422,400.3699951171875,0.0,5321.837890625,400.36468505859375,0.02443632110953331,5000.0,0.0,1.0424007177352905,0.0,0.0,-1.0469796657562256,-1.0424007177352905,2,,,,,,,,,,,,,,,
7.604281009879255e-07,7.604281009879255e-07,30410,,,,,,,,,,,,,,,,,,,,,,,,,,,,,
,,30410,27.72322654724121,443.5716247558594,0.0,5465.7041015625,443.566162109375,0.027073130011558533,2607.390625,0.0,1.0403248071670532,0.0,0.0,-1.0563427209854126,-1.0403248071670532,2,,,,,,,,,,,,,,,
7.633095499451154e-07,7.633095499451154e-07,30737,,,,,,,,,,,,,,,,,,,,,,,,,,,,,
,,30737,22.675649642944336,362.8103942871094,0.0,5294.5576171875,362.80511474609375,0.02214386686682701,5000.0,0.0,1.0457106828689575,0.0,0.0,-1.0542515516281128,-1.0457106828689575,2,,,,,,,,,,,,,,,
7.660537870472009e-07,7.660537870472009e-07,31064,,,,,,,,,,,,,,,,,,,,,,,,,,,,,
,,31064,27.39983558654785,438.3973693847656,0.0,5340.85498046875,438.39202880859375,0.02675732597708702,5000.0,0.0,1.0429147481918335,0.0,0.0,-1.0632827281951904,-1.0429147481918335,2,,,,,,,,,,,,,,,
7.689352360043909e-07,7.689352360043909e-07,31391,,,,,,,,,,,,,,,,,,,,,,,,,,,,,
,,31391,27.6839599609375,442.943359375,0.0,5368.943359375,442.93798828125,0.027034789323806763,5000.0,0.0,1.0447615385055542,0.0,0.0,-1.0645769834518433,-1.0447615385055542,2,,,,,,,,,,,,,,,
,,31484,,,,,,,,,,,,,,2,29.914142608642578,0.0,,,,,,,,,,,,,
7.715422612513722e-07,7.715422612513722e-07,31718,,,,,,,,,,,,,,,,,,,,,,,,,,,,,
,,31718,21.705135345458984,347.28216552734375,0.0,5501.7822265625,347.27667236328125,0.021196085959672928,5000.0,0.0,1.00056791305542,0.0,0.0,-1.0113914012908936,-1.00056791305542,3,,,,,,,,,,,,,,,
7.74423710208562e-07,7.74423710208562e-07,32045,,,,,,,,,,,,,,,,,,,,,,,,,,,,,
,,32045,32.43414306640625,518.9462890625,0.0,5588.6455078125,518.940673828125,0.031673625111579895,5000.0,0.0,1.0534013509750366,0.0,0.0,-1.068377137184143,-1.0534013509750366,3,,,,,,,,,,,,,,,
7.771679473106478e-07,7.771679473106478e-07,32372,,,,,,,,,,,,,,,,,,,,,,,,,,,,,
,,32372,24.303375244140625,388.85400390625,0.0,5302.93408203125,388.84869384765625,0.023733440786600113,5000.0,0.0,1.0357348918914795,0.0,0.0,-1.0602126121520996,-1.0357348918914795,3,,,,,,,,,,,,,,,
7.799121844127333e-07,7.799121844127333e-07,32699,,,,,,,,,,,,,,,,,,,,,,,,,,,,,
,,32699,30.36130714416504,485.7809143066406,0.0,5643.8115234375,485.7752685546875,0.029649369418621063,4087.84765625,0.0,1.0716991424560547,0.0,0.0,-1.0816411972045898,-1.0716991424560547,3,,,,,,,,,,,,,,,
7.827936333699233e-07,7.827936333699233e-07,33026,,,,,,,,,,,,,,,,,,,,,,,,,,,,,
,,33026,36.40623474121094,582.499755859375,0.0,5341.0712890625,582.494384765625,0.03555263578891754,4965.8994140625,0.0,1.0686287879943848,0.0,0.0,-1.0775115489959717,-1.0686287879943848,3,,,,,,,,,,,,,,,
7.855378704720089e-07,7.855378704720089e-07,33353,,,,,,,,,,,,,,,,,,,,,,,,,,,,,
,,33353,27.585094451904297,441.36151123046875,0.0,5907.916015625,441.3555908203125,0.02693820744752884,2211.292236328125,0.0,1.0458861589431763,0.0,0.0,-1.0502774715423584,-1.0458861589431763,3,,,,,,,,,,,,,,,
7.884193194291988e-07,7.884193194291988e-07,33680,,,,,,,,,,,,,,,,,,,,,,,,,,,,,
,,33680,29.51019287109375,472.1630859375,0.0,5613.064453125,472.157470703125,0.028818204998970032,5000.0,0.0,1.0585612058639526,0.0,0.0,-1.067384958267212,-1.0585612058639526,3,,,,,,,,,,,,,,,
7.911635565312845e-07,7.911635565312845e-07,34007,,,,,,,,,,,,,,,,,,,,,,,,,,,,,
,,34007,30.28752326965332,484.6003723144531,0.0,5827.89013671875,484.59454345703125,0.029577303677797318,5000.0,0.0,1.0366591215133667,0.0,0.0,-1.0452443361282349,-1.0366591215133667,3,,,,,,,,,,,,,,,
7.940450054884744e-07,7.940450054884744e-07,34334,,,,,,,,,,,,,,,,,,,,,,,,,,,,,
,,34334,27.084218978881836,433.3475036621094,0.0,5796.67822265625,433.3417053222656,0.02644907869398594,2263.630859375,0.0,1.0465110540390015,0.0,0.0,-1.054840087890625,-1.0465110540390015,3,,,,,,,,,,,,,,,
7.967892425905599e-07,7.967892425905599e-07,34661,,,,,,,,,,,,,,,,,,,,,,,,,,,,,
,,34661,30.600364685058594,489.6058349609375,0.0,5810.5458984375,489.60003662109375,0.02988281473517418,5000.0,0.0,1.0805659294128418,0.0,0.0,-1.0948961973190308,-1.0805659294128418,3,,,,,,,,,,,,,,,
7.995334796926456e-07,7.995334796926456e-07,34988,,,,,,,,,,,,,,,,,,,,,,,,,,,,,
,,34988,30.97507095336914,495.60113525390625,0.0,5749.884765625,495.59539794921875,0.030248742550611496,5000.0,0.0,1.0655008554458618,0.0,0.0,-1.0778205394744873,-1.0655008554458618,3,,,,,,,,,,,,,,,
8.024149286498355e-07,8.024149286498355e-07,35315,,,,,,,,,,,,,,,,,,,,,,,,,,,,,
,,35315,27.44540023803711,439.12640380859375,0.0,6041.7578125,439.120361328125,0.026801779866218567,1692.6961669921875,0.0,1.0833141803741455,0.0,0.0,-1.091122031211853,-1.0833141803741455,3,,,,,,,,,,,,,,,
8.051591657519211e-07,8.051591657519211e-07,35642,,,,,,,,,,,,,,,,,,,,,,,,,,,,,
,,35642,21.737689971923828,347.80303955078125,0.0,6416.861328125,347.796630859375,0.021227821707725525,2729.6611328125,0.0,1.0386663675308228,0.0,0.0,-1.0403372049331665,-1.0386663675308228,3,,,,,,,,,,,,,,,
8.080406147091109e-07,8.080406147091109e-07,35969,,,,,,,,,,,,,,,,,,,,,,,,,,,,,
,,35969,27.22699546813965,435.6319274902344,0.0,5827.865234375,435.6260986328125,0.026588506996631622,5000.0,0.0,1.043763279914856,0.0,0.0,-1.048319697380066,-1.043763279914856,3,,,,,,,,,,,,,,,
8.107848518111966e-07,8.107848518111966e-07,36296,,,,,,,,,,,,,,,,,,,,,,,,,,,,,
,,36296,33.21327209472656,531.412353515625,0.0,5953.92431640625,531.4063720703125,0.03243447095155716,5000.0,0.0,1.0795607566833496,0.0,0.0,-1.0812227725982666,-1.0795607566833496,3,,,,,,,,,,,,,,,
8.136663007683864e-07,8.136663007683864e-07,36623,,,,,,,,,,,,,,,,,,,,,,,,,,,,,
,,36623,28.512548446655273,456.2007751464844,0.0,5886.70556640625,456.19488525390625,0.02784392610192299,5000.0,0.0,1.0363479852676392,0.0,0.0,-1.0480488538742065,-1.0363479852676392,3,,,,,,,,,,,,,,,
8.164105378704721e-07,8.164105378704721e-07,36950,,,,,,,,,,,,,,,,,,,,,,,,,,,,,
,,36950,28.35462760925293,453.6740417480469,0.0,6123.943359375,453.66790771484375,0.02768969163298607,5000.0,0.0,1.0487000942230225,0.0,0.0,-1.054654836654663,-1.0487000942230225,3,,,,,,,,,,,,,,,
8.19291986827662e-07,8.19291986827662e-07,37277,,,,,,,,,,,,,,,,,,,,,,,,,,,,,
,,37277,31.8603572845459,509.7657165527344,0.0,6133.126953125,509.75958251953125,0.03111325576901436,5000.0,0.0,1.0477770566940308,0.0,0.0,-1.05581533908844,-1.0477770566940308,3,,,,,,,,,,,,,,,
8.220362239297478e-07,8.220362239297478e-07,37604,,,,,,,,,,,,,,,,,,,,,,,,,,,,,
,,37604,28.271726608276367,452.3476257324219,0.0,6119.17138671875,452.34149169921875,0.027608733624219894,5000.0,0.0,1.0645803213119507,0.0,0.0,-1.082420825958252,-1.0645803213119507,3,,,,,,,,,,,,,,,
8.247804610318333e-07,8.247804610318333e-07,37931,,,,,,,,,,,,,,,,,,,,,,,,,,,,,
,,37931,21.06711769104004,337.0738830566406,0.0,6490.86328125,337.0673828125,0.020572960376739502,4163.27685546875,0.0,1.038370132446289,0.0,0.0,-1.046872854232788,-1.038370132446289,3,,,,,,,,,,,,,,,
8.276619099890232e-07,8.276619099890232e-07,38258,,,,,,,,,,,,,,,,,,,,,,,,,,,,,
,,38258,29.023529052734375,464.37646484375,0.0,6231.98046875,464.3702392578125,0.02834291011095047,5000.0,0.0,1.0418899059295654,0.0,0.0,-1.0402581691741943,-1.0418899059295654,3,,,,,,,,,,,,,,,
8.304061470911088e-07,8.304061470911088e-07,38585,,,,,,,,,,,,,,,,,,,,,,,,,,,,,
,,38585,31.161510467529297,498.58416748046875,0.0,6270.3828125,498.5779113769531,0.030430780723690987,5000.0,0.0,1.0609925985336304,0.0,0.0,-1.0588970184326172,-1.0609925985336304,3,,,,,,,,,,,,,,,
8.332875960482986e-07,8.332875960482986e-07,38912,,,,,,,,,,,,,,,,,,,,,,,,,,,,,
,,38912,30.329267501831055,485.2682800292969,0.0,6317.736328125,485.261962890625,0.029618039727211,5000.0,0.0,1.0512938499450684,0.0,0.0,-1.0562100410461426,-1.0512938499450684,3,,,,,,,,,,,,,,,
8.360318331503843e-07,8.360318331503843e-07,39239,,,,,,,,,,,,,,,,,,,,,,,,,,,,,
,,39239,33.97586441040039,543.6138305664062,0.0,6040.1240234375,543.6077880859375,0.033179186284542084,5000.0,0.0,1.0656177997589111,0.0,0.0,-1.0760363340377808,-1.0656177997589111,3,,,,,,,,,,,,,,,
8.389132821075742e-07,8.389132821075742e-07,39566,,,,,,,,,,,,,,,,,,,,,,,,,,,,,
,,39566,23.052684783935547,368.84295654296875,0.0,6373.021484375,368.8365783691406,0.022511998191475868,5000.0,0.0,1.0430421829223633,0.0,0.0,-1.0480880737304688,-1.0430421829223633,3,,,,,,,,,,,,,,,
8.416575192096599e-07,8.416575192096599e-07,39893,,,,,,,,,,,,,,,,,,,,,,,,,,,,,
,,39893,27.8149471282959,445.0391540527344,0.0,6016.60693359375,445.03314208984375,0.027162667363882065,5000.0,0.0,1.0518434047698975,0.0,0.0,-1.070715069770813,-1.0518434047698975,3,,,,,,,,,,,,,,,
8.444017563117454e-07,8.444017563117454e-07,40220,,,,,,,,,,,,,,,,,,,,,,,,,,,,,
,,40220,24.018516540527344,384.2962646484375,0.0,6271.10791015625,384.2900085449219,0.023455200716853142,5000.0,0.0,1.0407512187957764,0.0,0.0,-1.0522081851959229,-1.0407512187957764,3,,,,,,,,,,,,,,,
8.472832052689353e-07,8.472832052689353e-07,40547,,,,,,,,,,,,,,,,,,,,,,,,,,,,,
,,40547,25.984464645385742,415.7514343261719,0.0,6181.701171875,415.7452392578125,0.02537507563829422,5000.0,0.0,1.0746914148330688,0.0,0.0,-1.0797849893569946,-1.0746914148330688,3,,,,,,,,,,,,,,,
8.50027442371021e-07,8.50027442371021e-07,40874,,,,,,,,,,,,,,,,,,,,,,,,,,,,,
,,40874,23.981998443603516,383.71197509765625,0.0,6375.5537109375,383.7055969238281,0.02341953106224537,5000.0,0.0,1.018888235092163,0.0,0.0,-1.0387954711914062,-1.018888235092163,3,,,,,,,,,,,,,,,
8.529088913282108e-07,8.529088913282108e-07,41201,,,,,,,,,,,,,,,,,,,,,,,,,,,,,
,,41201,18.71575927734375,299.4521484375,0.0,6721.00390625,299.4454345703125,0.018276698887348175,5000.0,0.0,1.0361106395721436,0.0,0.0,-1.040619134902954,-1.0361106395721436,3,,,,,,,,,,,,,,,
8.556531284302966e-07,8.556531284302966e-07,41528,,,,,,,,,,,,,,,,,,,,,,,,,,,,,
,,41528,25.026031494140625,400.41650390625,0.0,6832.3017578125,400.40966796875,0.024439066648483276,5000.0,0.0,1.0106054544448853,0.0,0.0,-1.0200711488723755,-1.0106054544448853,3,,,,,,,,,,,,,,,
8.585345773874864e-07,8.585345773874864e-07,41855,,,,,,,,,,,,,,,,,,,,,,,,,,,,,
,,41855,27.694366455078125,443.10986328125,0.0,6525.86865234375,443.10333251953125,0.027044881135225296,5000.0,0.0,1.0466961860656738,0.0,0.0,-1.0541256666183472,-1.0466961860656738,3,,,,,,,,,,,,,,,
,,41979,,,,,,,,,,,,,,3,27.58661651611328,0.0,,,,,,,,,,,,,
8.611416026344676e-07,8.611416026344676e-07,42182,,,,,,,,,,,,,,,,,,,,,,,,,,,,,
,,42182,32.046417236328125,512.74267578125,0.0,6463.83984375,512.7362060546875,0.03129493445158005,5000.0,0.0,1.0807795524597168,0.0,0.0,-1.079630970954895,-1.0807795524597168,4,,,,,,,,,,,,,,,
8.640230515916576e-07,8.640230515916576e-07,42509,,,,,,,,,,,,,,,,,,,,,,,,,,,,,
,,42509,37.53048324584961,600.4877319335938,0.0,6526.73193359375,600.481201171875,0.036650463938713074,5000.0,0.0,1.0628384351730347,0.0,0.0,-1.0779794454574585,-1.0628384351730347,4,,,,,,,,,,,,,,,
8.667672886937434e-07,8.667672886937434e-07,42836,,,,,,,,,,,,,,,,,,,,,,,,,,,,,
,,42836,29.535232543945312,472.563720703125,0.0,6450.6533203125,472.5572814941406,0.028842607513070107,5000.0,0.0,1.0695490837097168,0.0,0.0,-1.0834919214248657,-1.0695490837097168,4,,,,,,,,,,,,,,,
8.695115257958289e-07,8.695115257958289e-07,43163,,,,,,,,,,,,,,,,,,,,,,,,,,,,,
,,43163,24.238075256347656,387.8092041015625,0.0,6890.4296875,387.80230712890625,0.023669574409723282,4877.01123046875,0.0,1.0550552606582642,0.0,0.0,-1.0726203918457031,-1.0550552606582642,4,,,,,,,,,,,,,,,
8.723929747530188e-07,8.723929747530188e-07,43490,,,,,,,,,,,,,,,,,,,,,,,,,,,,,
,,43490,27.55250358581543,440.8400573730469,0.0,6492.6630859375,440.83355712890625,0.026906345039606094,5000.0,0.0,1.0589895248413086,0.0,0.0,-1.072238564491272,-1.0589895248413086,4,,,,,,,,,,,,,,,
8.751372118551044e-07,8.751372118551044e-07,43817,,,,,,,,,,,,,,,,,,,,,,,,,,,,,
,,43817,25.696924209594727,411.1507873535156,0.0,6945.6337890625,411.1438293457031,0.025094227865338326,5000.0,0.0,1.0462392568588257,0.0,0.0,-1.0546119213104248,-1.0462392568588257,4,,,,,,,,,,,,,,,
8.780186608122943e-07,8.780186608122943e-07,44144,,,,,,,,,,,,,,,,,,,,,,,,,,,,,
,,44144,30.254365921020508,484.0698547363281,0.0,6904.8544921875,484.0629577636719,0.029544858261942863,5000.0,0.0,1.0629042387008667,0.0,0.0,-1.0741255283355713,-1.0629042387008667,4,,,,,,,,,,,,,,,
8.807628979143798e-07,8.807628979143798e-07,44471,,,,,,,,,,,,,,,,,,,,,,,,,,,,,
,,44471,34.5039176940918,552.0626831054688,0.0,6895.91455078125,552.0557861328125,0.033694811165332794,5000.0,0.0,1.0545493364334106,0.0,0.0,-1.0546458959579468,-1.0545493364334106,4,,,,,,,,,,,,,,,
8.836443468715698e-07,8.836443468715698e-07,44798,,,,,,,,,,,,,,,,,,,,,,,,,,,,,
,,44798,28.597646713256836,457.5623474121094,0.0,6682.67822265625,457.5556640625,0.027926981449127197,3606.959716796875,0.0,1.0692816972732544,0.0,0.0,-1.0717508792877197,-1.0692816972732544,4,,,,,,,,,,,,,,,
8.863885839736556e-07,8.863885839736556e-07,45125,,,,,,,,,,,,,,,,,,,,,,,,,,,,,
,,45125,24.317855834960938,389.085693359375,0.0,6374.6884765625,389.0793151855469,0.02374751679599285,5000.0,0.0,1.0509485006332397,0.0,0.0,-1.0610480308532715,-1.0509485006332397,4,,,,,,,,,,,,,,,
8.892700329308454e-07,8.892700329308454e-07,45452,,,,,,,,,,,,,,,,,,,,,,,,,,,,,
,,45452,23.974334716796875,383.58935546875,0.0,7141.51171875,383.58221435546875,0.023412000387907028,5000.0,0.0,1.058525562286377,0.0,0.0,-1.0677896738052368,-1.058525562286377,4,,,,,,,,,,,,,,,
8.920142700329309e-07,8.920142700329309e-07,45779,,,,,,,,,,,,,,,,,,,,,,,,,,,,,
,,45779,22.02179718017578,352.3487548828125,0.0,6791.064453125,352.3419494628906,0.021505245938897133,5000.0,0.0,1.0422419309616089,0.0,0.0,-1.0532139539718628,-1.0422419309616089,4,,,,,,,,,,,,,,,
8.947585071350165e-07,8.947585071350165e-07,46106,,,,,,,,,,,,,,,,,,,,,,,,,,,,,
,,46106,23.991044998168945,383.8567199707031,0.0,6729.9287109375,383.8499755859375,0.02342834323644638,1596.68994140625,0.0,1.0533822774887085,0.0,0.0,-1.0562641620635986,-1.0533822774887085,4,,,,,,,,,,,,,,,
8.976399560922065e-07,8.976399560922065e-07,46433,,,,,,,,,,,,,,,,,,,,,,,,,,,,,
,,46433,26.82680892944336,429.22894287109375,0.0,6663.744140625,429.2222900390625,0.026197649538517,5000.0,0.0,1.0389760732650757,0.0,0.0,-1.0573960542678833,-1.0389760732650757,4,,,,,,,,,,,,,,,
9.003841931942922e-07,9.003841931942922e-07,46760,,,,,,,,,,,,,,,,,,,,,,,,,,,,,
,,46760,27.33161735534668,437.3058776855469,0.0,7068.96875,437.2987976074219,0.02669060043990612,3901.66552734375,0.0,1.0589996576309204,0.0,0.0,-1.0733413696289062,-1.0589996576309204,4,,,,,,,,,,,,,,,
9.03265642151482e-07,9.03265642151482e-07,47087,,,,,,,,,,,,,,,,,,,,,,,,,,,,,
,,47087,26.779775619506836,428.4764099121094,0.0,7378.84228515625,428.4690246582031,0.02615167386829853,5000.0,0.0,1.0504971742630005,0.0,0.0,-1.0584447383880615,-1.0504971742630005,4,,,,,,,,,,,,,,,
9.060098792535676e-07,9.060098792535676e-07,47414,,,,,,,,,,,,,,,,,,,,,,,,,,,,,
,,47414,29.798723220825195,476.7795715332031,0.0,6996.69140625,476.7725830078125,0.02909988909959793,5000.0,0.0,1.053289532661438,0.0,0.0,-1.0564898252487183,-1.053289532661438,4,,,,,,,,,,,,,,,
9.088913282107576e-07,9.088913282107576e-07,47741,,,,,,,,,,,,,,,,,,,,,,,,,,,,,
,,47741,32.664772033691406,522.6363525390625,0.0,7421.73583984375,522.62890625,0.03189873695373535,5000.0,0.0,1.0531697273254395,0.0,0.0,-1.0667037963867188,-1.0531697273254395,4,,,,,,,,,,,,,,,
9.116355653128431e-07,9.116355653128431e-07,48068,,,,,,,,,,,,,,,,,,,,,,,,,,,,,
,,48068,30.19864845275879,483.1783752441406,0.0,7057.97119140625,483.17132568359375,0.029490437358617783,5000.0,0.0,1.0365692377090454,0.0,0.0,-1.0423641204833984,-1.0365692377090454,4,,,,,,,,,,,,,,,
9.143798024149288e-07,9.143798024149288e-07,48395,,,,,,,,,,,,,,,,,,,,,,,,,,,,,
,,48395,27.3731632232666,437.9706115722656,0.0,6988.39697265625,437.963623046875,0.026731178164482117,5000.0,0.0,1.068557858467102,0.0,0.0,-1.090883493423462,-1.068557858467102,4,,,,,,,,,,,,,,,
9.172612513721187e-07,9.172612513721187e-07,48722,,,,,,,,,,,,,,,,,,,,,,,,,,,,,
,,48722,26.654481887817383,426.4717102050781,0.0,6972.34423828125,426.4647521972656,0.026029342785477638,5000.0,0.0,1.0771963596343994,0.0,0.0,-1.089126706123352,-1.0771963596343994,4,,,,,,,,,,,,,,,
9.200054884742044e-07,9.200054884742044e-07,49049,,,,,,,,,,,,,,,,,,,,,,,,,,,,,
,,49049,26.0030517578125,416.048828125,0.0,7621.2666015625,416.04119873046875,0.025393139570951462,5000.0,0.0,1.040717601776123,0.0,0.0,-1.0398317575454712,-1.040717601776123,4,,,,,,,,,,,,,,,
9.228869374313942e-07,9.228869374313942e-07,49376,,,,,,,,,,,,,,,,,,,,,,,,,,,,,
,,49376,25.775421142578125,412.40673828125,0.0,7385.322265625,412.39935302734375,0.025170858949422836,5000.0,0.0,1.070202350616455,0.0,0.0,-1.0746726989746094,-1.070202350616455,4,,,,,,,,,,,,,,,
9.256311745334798e-07,9.256311745334798e-07,49703,,,,,,,,,,,,,,,,,,,,,,,,,,,,,
,,49703,23.49895477294922,375.9832763671875,0.0,7562.53515625,375.9757080078125,0.022947736084461212,5000.0,0.0,1.0408351421356201,0.0,0.0,-1.0582334995269775,-1.0408351421356201,4,,,,,,,,,,,,,,,
9.285126234906697e-07,9.285126234906697e-07,50030,,,,,,,,,,,,,,,,,,,,,,,,,,,,,
,,50030,28.157833099365234,450.52532958984375,0.0,7369.50390625,450.5179748535156,0.027497434988617897,1511.7919921875,0.0,1.0622003078460693,0.0,0.0,-1.068134069442749,-1.0622003078460693,4,,,,,,,,,,,,,,,
9.312568605927553e-07,9.312568605927553e-07,50357,,,,,,,,,,,,,,,,,,,,,,,,,,,,,
,,50357,25.06546401977539,401.04742431640625,0.0,7091.8837890625,401.04034423828125,0.024477560073137283,3783.7060546875,0.0,1.0355159044265747,0.0,0.0,-1.0409849882125854,-1.0355159044265747,4,,,,,,,,,,,,,,,
9.341383095499451e-07,9.341383095499451e-07,50684,,,,,,,,,,,,,,,,,,,,,,,,,,,,,
,,50684,32.45881271362305,519.3410034179688,0.0,7640.7548828125,519.3333740234375,0.0316975936293602,5000.0,0.0,1.0620744228363037,0.0,0.0,-1.0689994096755981,-1.0620744228363037,4,,,,,,,,,,,,,,,
9.368825466520308e-07,9.368825466520308e-07,51011,,,,,,,,,,,,,,,,,,,,,,,,,,,,,
,,51011,27.83611488342285,445.3778381347656,0.0,7406.65771484375,445.37042236328125,0.027183253318071365,5000.0,0.0,1.063980221748352,0.0,0.0,-1.085636019706726,-1.063980221748352,4,,,,,,,,,,,,,,,
9.396267837541164e-07,9.396267837541164e-07,51338,,,,,,,,,,,,,,,,,,,,,,,,,,,,,
,,51338,26.020038604736328,416.32061767578125,0.0,7449.712890625,416.31317138671875,0.025409739464521408,5000.0,0.0,1.0322234630584717,0.0,0.0,-1.040136456489563,-1.0322234630584717,4,,,,,,,,,,,,,,,
9.425082327113064e-07,9.425082327113064e-07,51665,,,,,,,,,,,,,,,,,,,,,,,,,,,,,
,,51665,28.851648330688477,461.6263732910156,0.0,7405.46875,461.61895751953125,0.028174985200166702,5000.0,0.0,1.0735539197921753,0.0,0.0,-1.0774286985397339,-1.0735539197921753,4,,,,,,,,,,,,,,,
9.452524698133919e-07,9.452524698133919e-07,51992,,,,,,,,,,,,,,,,,,,,,,,,,,,,,
,,51992,25.014863967895508,400.2378234863281,0.0,7463.294921875,400.2303466796875,0.024428121745586395,5000.0,0.0,1.048711895942688,0.0,0.0,-1.0559272766113281,-1.048711895942688,4,,,,,,,,,,,,,,,
9.481339187705818e-07,9.481339187705818e-07,52319,,,,,,,,,,,,,,,,,,,,,,,,,,,,,
,,52319,24.298091888427734,388.76947021484375,0.0,7740.20458984375,388.76171875,0.023728132247924805,5000.0,0.0,1.067869782447815,0.0,0.0,-1.076587438583374,-1.067869782447815,4,,,,,,,,,,,,,,,
,,52474,,,,,,,,,,,,,,4,,,0.025031816214323044,410.1296081542969,0.0,7607.89599609375,410.12188720703125,0.0,0.0,1.048669457435608,0.0,-1.1017321348190308,-1.048669457435608,0.0033596025314182043,0.02503185346722603
,,52474,,,,,,,,,,,,,,4,26.350605010986328,0.0,,,,,,,,,,,,,
9.507409440175633e-07,9.507409440175633e-07,52646,,,,,,,,,,,,,,,,,,,,,,,,,,,,,
,,52646,26.20445442199707,419.2712707519531,0.0,7983.36669921875,419.2632751464844,0.025589799508452415,5000.0,0.0,1.0627033710479736,0.0,0.0,-1.07073175907135,-1.0627033710479736,5,,,,,,,,,,,,,,,
9.536223929747532e-07,9.536223929747532e-07,52973,,,,,,,,,,,,,,,,,,,,,,,,,,,,,
,,52973,23.627077102661133,378.0332336425781,0.0,7477.0966796875,378.0257568359375,0.02307286113500595,5000.0,0.0,1.0484951734542847,0.0,0.0,-1.0626362562179565,-1.0484951734542847,5,,,,,,,,,,,,,,,
9.563666300768387e-07,9.563666300768387e-07,53300,,,,,,,,,,,,,,,,,,,,,,,,,,,,,
,,53300,18.07352638244629,289.1764221191406,0.0,8160.04296875,289.16827392578125,0.01764943078160286,3608.481201171875,0.0,1.0114879608154297,0.0,0.0,-1.0111420154571533,-1.0114879608154297,5,,,,,,,,,,,,,,,
9.592480790340286e-07,9.592480790340286e-07,53627,,,,,,,,,,,,,,,,,,,,,,,,,,,,,
,,53627,23.409086227416992,374.5453796386719,0.0,7643.4990234375,374.5377502441406,0.0228599701076746,5000.0,0.0,1.0315711498260498,0.0,0.0,-1.041561484336853,-1.0315711498260498,5,,,,,,,,,,,,,,,
9.619923161361143e-07,9.619923161361143e-07,53954,,,,,,,,,,,,,,,,,,,,,,,,,,,,,
,,53954,24.46639633178711,391.46234130859375,0.0,7711.341796875,391.4546203613281,0.023892493918538094,5000.0,0.0,1.0631643533706665,0.0,0.0,-1.073338508605957,-1.0631643533706665,5,,,,,,,,,,,,,,,
9.647365532382e-07,9.647365532382e-07,54281,,,,,,,,,,,,,,,,,,,,,,,,,,,,,
,,54281,24.199676513671875,387.19482421875,0.0,7823.73974609375,387.18701171875,0.023632019758224487,5000.0,0.0,1.0572038888931274,0.0,0.0,-1.0686174631118774,-1.0572038888931274,5,,,,,,,,,,,,,,,
9.676180021953899e-07,9.676180021953899e-07,54608,,,,,,,,,,,,,,,,,,,,,,,,,,,,,
,,54608,15.567680358886719,249.0828857421875,0.0,7681.81982421875,249.07521057128906,0.01520234439522028,3133.505126953125,0.0,0.9835490584373474,0.0,0.0,-1.0034923553466797,-0.9835490584373474,5,,,,,,,,,,,,,,,
9.703622392974754e-07,9.703622392974754e-07,54935,,,,,,,,,,,,,,,,,,,,,,,,,,,,,
,,54935,24.77919578552246,396.4671325683594,0.0,7977.1484375,396.45916748046875,0.02419794723391533,5000.0,0.0,1.0146044492721558,0.0,0.0,-1.0200769901275635,-1.0146044492721558,5,,,,,,,,,,,,,,,
9.732436882546653e-07,9.732436882546653e-07,55262,,,,,,,,,,,,,,,,,,,,,,,,,,,,,
,,55262,27.04161262512207,432.6658020019531,0.0,7908.4482421875,432.65789794921875,0.02640734240412712,5000.0,0.0,1.05728018283844,0.0,0.0,-1.0631192922592163,-1.05728018283844,5,,,,,,,,,,,,,,,
9.759879253567508e-07,9.759879253567508e-07,55589,,,,,,,,,,,,,,,,,,,,,,,,,,,,,
,,55589,29.375017166137695,470.0002746582031,0.0,7444.93017578125,469.9928283691406,0.02868608571588993,5000.0,0.0,1.0873254537582397,0.0,0.0,-1.0987377166748047,-1.0873254537582397,5,,,,,,,,,,,,,,,
9.788693743139408e-07,9.788693743139408e-07,55916,,,,,,,,,,,,,,,,,,,,,,,,,,,,,
,,55916,20.733224868774414,331.7315979003906,0.0,8223.8818359375,331.723388671875,0.02024678885936737,4956.25146484375,0.0,1.0393937826156616,0.0,0.0,-1.0434342622756958,-1.0393937826156616,5,,,,,,,,,,,,,,,
9.816136114160264e-07,9.816136114160264e-07,56243,,,,,,,,,,,,,,,,,,,,,,,,,,,,,
,,56243,20.1015625,321.625,0.0,8185.25390625,321.6168212890625,0.019629932940006256,5000.0,0.0,1.0344352722167969,0.0,0.0,-1.057116150856018,-1.0344352722167969,5,,,,,,,,,,,,,,,
9.84357848518112e-07,9.84357848518112e-07,56570,,,,,,,,,,,,,,,,,,,,,,,,,,,,,
,,56570,21.550296783447266,344.80474853515625,0.0,8297.501953125,344.79644775390625,0.02104470506310463,5000.0,0.0,1.0370742082595825,0.0,0.0,-1.0463461875915527,-1.0370742082595825,5,,,,,,,,,,,,,,,
9.87239297475302e-07,9.87239297475302e-07,56897,,,,,,,,,,,,,,,,,,,,,,,,,,,,,
,,56897,27.2387638092041,435.8202209472656,0.0,8121.0791015625,435.8121032714844,0.026599859818816185,1449.571044921875,0.0,1.0567824840545654,0.0,0.0,-1.0560777187347412,-1.0567824840545654,5,,,,,,,,,,,,,,,
9.899835345773875e-07,9.899835345773875e-07,57224,,,,,,,,,,,,,,,,,,,,,,,,,,,,,
,,57224,21.137020111083984,338.19232177734375,0.0,8441.451171875,338.1838684082031,0.020641105249524117,5000.0,0.0,1.0530041456222534,0.0,0.0,-1.0624523162841797,-1.0530041456222534,5,,,,,,,,,,,,,,,
9.928649835345775e-07,9.928649835345775e-07,57551,,,,,,,,,,,,,,,,,,,,,,,,,,,,,
,,57551,26.388492584228516,422.21588134765625,0.0,8025.5908203125,422.2078552246094,0.025769522413611412,5000.0,0.0,1.0545697212219238,0.0,0.0,-1.0637258291244507,-1.0545697212219238,5,,,,,,,,,,,,,,,
9.95609220636663e-07,9.95609220636663e-07,57878,,,,,,,,,,,,,,,,,,,,,,,,,,,,,
,,57878,31.309307098388672,500.94891357421875,0.0,7966.9677734375,500.9409484863281,0.030575009062886238,5000.0,0.0,1.077214002609253,0.0,0.0,-1.0768144130706787,-1.077214002609253,5,,,,,,,,,,,,,,,
9.98490669593853e-07,9.98490669593853e-07,58205,,,,,,,,,,,,,,,,,,,,,,,,,,,,,
,,58205,23.233938217163086,371.7430114746094,0.0,8540.279296875,371.7344665527344,0.02268887124955654,4569.1474609375,0.0,1.0558966398239136,0.0,0.0,-1.0636513233184814,-1.0558966398239136,5,,,,,,,,,,,,,,,
1.0012349066959386e-06,1.0012349066959386e-06,58532,,,,,,,,,,,,,,,,,,,,,,,,,,,,,
,,58532,26.020727157592773,416.3316345214844,0.0,8441.5986328125,416.32318115234375,0.025410350412130356,2468.01220703125,0.0,1.058320164680481,0.0,0.0,-1.0579116344451904,-1.058320164680481,5,,,,,,,,,,,,,,,
1.0041163556531287e-06,1.0041163556531287e-06,58859,,,,,,,,,,,,,,,,,,,,,,,,,,,,,
,,58859,19.518789291381836,312.3006286621094,0.0,8181.2021484375,312.2924499511719,0.01906081847846508,5000.0,0.0,1.0143986940383911,0.0,0.0,-1.0168298482894897,-1.0143986940383911,5,,,,,,,,,,,,,,,
1.0068605927552142e-06,1.0068605927552142e-06,59186,,,,,,,,,,,,,,,,,,,,,,,,,,,,,
,,59186,27.26840591430664,436.29449462890625,0.0,8238.556640625,436.2862548828125,0.026628799736499786,5000.0,0.0,1.0433920621871948,0.0,0.0,-1.0529428720474243,-1.0433920621871948,5,,,,,,,,,,,,,,,
1.0096048298572997e-06,1.0096048298572997e-06,59513,,,,,,,,,,,,,,,,,,,,,,,,,,,,,
,,59513,29.22330665588379,467.5729064941406,0.0,8271.7705078125,467.56463623046875,0.02853788062930107,5000.0,0.0,1.0780410766601562,0.0,0.0,-1.0765167474746704,-1.0780410766601562,5,,,,,,,,,,,,,,,
1.0124862788144898e-06,1.0124862788144898e-06,59840,,,,,,,,,,,,,,,,,,,,,,,,,,,,,
,,59840,27.189340591430664,435.0294494628906,0.0,9014.6904296875,435.02044677734375,0.026551540940999985,4073.153564453125,0.0,1.0734126567840576,0.0,0.0,-1.0779439210891724,-1.0734126567840576,5,,,,,,,,,,,,,,,
1.0152305159165755e-06,1.0152305159165755e-06,60167,,,,,,,,,,,,,,,,,,,,,,,,,,,,,
,,60167,25.937835693359375,415.00537109375,0.0,8070.33642578125,414.997314453125,0.025329425930976868,5000.0,0.0,1.0625598430633545,0.0,0.0,-1.0717490911483765,-1.0625598430633545,5,,,,,,,,,,,,,,,
1.0181119648737653e-06,1.0181119648737653e-06,60494,,,,,,,,,,,,,,,,,,,,,,,,,,,,,
,,60494,29.568456649780273,473.0953063964844,0.0,8422.216796875,473.0868835449219,0.02887493185698986,5000.0,0.0,1.0772217512130737,0.0,0.0,-1.0872611999511719,-1.0772217512130737,5,,,,,,,,,,,,,,,
1.0208562019758509e-06,1.0208562019758509e-06,60821,,,,,,,,,,,,,,,,,,,,,,,,,,,,,
,,60821,22.018699645996094,352.2991943359375,0.0,8175.1142578125,352.291015625,0.021502137184143066,3544.58154296875,0.0,1.0328768491744995,0.0,0.0,-1.0531057119369507,-1.0328768491744995,5,,,,,,,,,,,,,,,
1.0237376509330407e-06,1.0237376509330407e-06,61148,,,,,,,,,,,,,,,,,,,,,,,,,,,,,
,,61148,20.5,328.0,0.0,8423.837890625,327.9915771484375,0.020019017159938812,1260.0748291015625,0.0,1.0088391304016113,0.0,0.0,-1.0264723300933838,-1.0088391304016113,5,,,,,,,,,,,,,,,
1.0264818880351262e-06,1.0264818880351262e-06,61475,,,,,,,,,,,,,,,,,,,,,,,,,,,,,
,,61475,21.43463897705078,342.9542236328125,0.0,8743.6279296875,342.9454650878906,0.020931730046868324,5000.0,0.0,1.0472993850708008,0.0,0.0,-1.0558868646621704,-1.0472993850708008,5,,,,,,,,,,,,,,,
1.0292261251372122e-06,1.0292261251372122e-06,61802,,,,,,,,,,,,,,,,,,,,,,,,,,,,,
,,61802,30.08286476135254,481.3258361816406,0.0,8517.306640625,481.31732177734375,0.029377277940511703,2783.019287109375,0.0,1.065308690071106,0.0,0.0,-1.0718644857406616,-1.065308690071106,5,,,,,,,,,,,,,,,
1.032107574094402e-06,1.032107574094402e-06,62129,,,,,,,,,,,,,,,,,,,,,,,,,,,,,
,,62129,23.731678009033203,379.70684814453125,0.0,8344.126953125,379.6985168457031,0.023174958303570747,5000.0,0.0,1.0387041568756104,0.0,0.0,-1.0584925413131714,-1.0387041568756104,5,,,,,,,,,,,,,,,
1.0348518111964875e-06,1.0348518111964875e-06,62456,,,,,,,,,,,,,,,,,,,,,,,,,,,,,
,,62456,24.502296447753906,392.0367431640625,0.0,8482.703125,392.02825927734375,0.023927506059408188,5000.0,0.0,1.0218948125839233,0.0,0.0,-1.0353416204452515,-1.0218948125839233,5,,,,,,,,,,,,,,,
1.0377332601536774e-06,1.0377332601536774e-06,62783,,,,,,,,,,,,,,,,,,,,,,,,,,,,,
,,62783,21.078998565673828,337.26397705078125,0.0,9106.8271484375,337.2548828125,0.020584404468536377,5000.0,0.0,1.0335321426391602,0.0,0.0,-1.0464051961898804,-1.0335321426391602,5,,,,,,,,,,,,,,,
,,62969,,,,,,,,,,,,,,5,25.081729888916016,0.0,,,,,,,,,,,,,
1.0403402854006588e-06,1.0403402854006588e-06,63110,,,,,,,,,,,,,,,,,,,,,,,,,,,,,
,,63110,29.622970581054688,473.967529296875,0.0,8705.8994140625,473.9588317871094,0.028928151354193687,5000.0,0.0,1.1055471897125244,0.0,0.0,-1.110730767250061,-1.1055471897125244,6,,,,,,,,,,,,,,,
1.0432217343578484e-06,1.0432217343578484e-06,63437,,,,,,,,,,,,,,,,,,,,,,,,,,,,,
,,63437,24.091102600097656,385.4576416015625,0.0,8722.998046875,385.44891357421875,0.023525934666395187,4740.20703125,0.0,1.0797371864318848,0.0,0.0,-1.0891607999801636,-1.0797371864318848,6,,,,,,,,,,,,,,,
1.0459659714599344e-06,1.0459659714599344e-06,63764,,,,,,,,,,,,,,,,,,,,,,,,,,,,,
,,63764,29.716529846191406,475.4644775390625,0.0,9099.43359375,475.45538330078125,0.029019493609666824,5000.0,0.0,1.0607951879501343,0.0,0.0,-1.0623788833618164,-1.0607951879501343,6,,,,,,,,,,,,,,,
1.0488474204171242e-06,1.0488474204171242e-06,64091,,,,,,,,,,,,,,,,,,,,,,,,,,,,,
,,64091,25.509675979614258,408.1548156738281,0.0,8585.1162109375,408.146240234375,0.024911269545555115,5000.0,0.0,1.0659945011138916,0.0,0.0,-1.0743576288223267,-1.0659945011138916,6,,,,,,,,,,,,,,,
1.0515916575192097e-06,1.0515916575192097e-06,64418,,,,,,,,,,,,,,,,,,,,,,,,,,,,,
,,64418,20.965641021728516,335.45025634765625,0.0,8492.8837890625,335.4417724609375,0.020473740994930267,5000.0,0.0,1.0734730958938599,0.0,0.0,-1.078977346420288,-1.0734730958938599,6,,,,,,,,,,,,,,,
1.0543358946212953e-06,1.0543358946212953e-06,64745,,,,,,,,,,,,,,,,,,,,,,,,,,,,,
,,64745,15.298401832580566,244.77442932128906,0.0,9017.6484375,244.76541137695312,0.014939295127987862,5000.0,0.0,1.011358618736267,0.0,0.0,-1.0136237144470215,-1.011358618736267,6,,,,,,,,,,,,,,,
1.0572173435784853e-06,1.0572173435784853e-06,65072,,,,,,,,,,,,,,,,,,,,,,,,,,,,,
,,65072,31.077011108398438,497.232177734375,0.0,9361.177734375,497.2228088378906,0.030348071828484535,5000.0,0.0,1.0686181783676147,0.0,0.0,-1.0786012411117554,-1.0686181783676147,6,,,,,,,,,,,,,,,
1.0599615806805708e-06,1.0599615806805708e-06,65399,,,,,,,,,,,,,,,,,,,,,,,,,,,,,
,,65399,19.80338478088379,316.8541564941406,0.0,8714.20703125,316.8454284667969,0.019338710233569145,5000.0,0.0,1.0069500207901,0.0,0.0,-1.0128567218780518,-1.0069500207901,6,,,,,,,,,,,,,,,
1.0628430296377609e-06,1.0628430296377609e-06,65726,,,,,,,,,,,,,,,,,,,,,,,,,,,,,
,,65726,24.60150146484375,393.6240234375,0.0,9341.3583984375,393.61468505859375,0.02402433380484581,5000.0,0.0,1.0458581447601318,0.0,0.0,-1.05443274974823,-1.0458581447601318,6,,,,,,,,,,,,,,,
1.0655872667398464e-06,1.0655872667398464e-06,66053,,,,,,,,,,,,,,,,,,,,,,,,,,,,,
,,66053,16.70001792907715,267.2002868652344,0.0,9114.7109375,267.191162109375,0.016308054327964783,5000.0,0.0,1.0260874032974243,0.0,0.0,-1.0459448099136353,-1.0260874032974243,6,,,,,,,,,,,,,,,
1.0684687156970363e-06,1.0684687156970363e-06,66380,,,,,,,,,,,,,,,,,,,,,,,,,,,,,
,,66380,21.779909133911133,348.4785461425781,0.0,9372.7080078125,348.46917724609375,0.021268870681524277,5000.0,0.0,1.0352329015731812,0.0,0.0,-1.0462993383407593,-1.0352329015731812,6,,,,,,,,,,,,,,,
1.071212952799122e-06,1.071212952799122e-06,66707,,,,,,,,,,,,,,,,,,,,,,,,,,,,,
,,66707,25.666595458984375,410.66552734375,0.0,9456.72265625,410.65606689453125,0.025064457207918167,5000.0,0.0,1.0363720655441284,0.0,0.0,-1.0381667613983154,-1.0363720655441284,6,,,,,,,,,,,,,,,
1.0740944017563118e-06,1.0740944017563118e-06,67034,,,,,,,,,,,,,,,,,,,,,,,,,,,,,
,,67034,20.821836471557617,333.1493835449219,0.0,8829.158203125,333.14056396484375,0.020333286374807358,5000.0,0.0,1.033903956413269,0.0,0.0,-1.0474501848220825,-1.033903956413269,6,,,,,,,,,,,,,,,
1.0768386388583976e-06,1.0768386388583976e-06,67361,,,,,,,,,,,,,,,,,,,,,,,,,,,,,
,,67361,18.881702423095703,302.10723876953125,0.0,9288.2109375,302.09796142578125,0.01843859627842903,5000.0,0.0,1.0079761743545532,0.0,0.0,-1.0175917148590088,-1.0079761743545532,6,,,,,,,,,,,,,,,
1.079582875960483e-06,1.079582875960483e-06,67688,,,,,,,,,,,,,,,,,,,,,,,,,,,,,
,,67688,21.08927345275879,337.4283752441406,0.0,8927.2470703125,337.41943359375,0.02059444785118103,2955.3447265625,0.0,1.0258851051330566,0.0,0.0,-1.0351643562316895,-1.0258851051330566,6,,,,,,,,,,,,,,,
1.0824643249176731e-06,1.0824643249176731e-06,68015,,,,,,,,,,,,,,,,,,,,,,,,,,,,,
,,68015,31.404640197753906,502.4742431640625,0.0,8756.310546875,502.4654846191406,0.03066805936396122,3925.18212890625,0.0,1.0657495260238647,0.0,0.0,-1.0765193700790405,-1.0657495260238647,6,,,,,,,,,,,,,,,
1.0852085620197587e-06,1.0852085620197587e-06,68342,,,,,,,,,,,,,,,,,,,,,,,,,,,,,
,,68342,21.175630569458008,338.8100891113281,0.0,9291.94140625,338.8008117675781,0.02067876048386097,5000.0,0.0,1.0542699098587036,0.0,0.0,-1.058958888053894,-1.0542699098587036,6,,,,,,,,,,,,,,,
1.0880900109769485e-06,1.0880900109769485e-06,68669,,,,,,,,,,,,,,,,,,,,,,,,,,,,,
,,68669,25.544240951538086,408.7078552246094,0.0,9511.7509765625,408.6983337402344,0.024944966658949852,5000.0,0.0,1.0647554397583008,0.0,0.0,-1.0727012157440186,-1.0647554397583008,6,,,,,,,,,,,,,,,
1.0908342480790342e-06,1.0908342480790342e-06,68996,,,,,,,,,,,,,,,,,,,,,,,,,,,,,
,,68996,18.5892276763916,297.4276428222656,0.0,8829.0703125,297.4188232421875,0.018153004348278046,5000.0,0.0,1.021045446395874,0.0,0.0,-1.0274537801742554,-1.021045446395874,6,,,,,,,,,,,,,,,
1.093715697036224e-06,1.093715697036224e-06,69323,,,,,,,,,,,,,,,,,,,,,,,,,,,,,
,,69323,29.895978927612305,478.3356628417969,0.0,8870.2958984375,478.3267822265625,0.029194749891757965,5000.0,0.0,1.068265676498413,0.0,0.0,-1.0749709606170654,-1.068265676498413,6,,,,,,,,,,,,,,,
1.0964599341383098e-06,1.0964599341383098e-06,69650,,,,,,,,,,,,,,,,,,,,,,,,,,,,,
,,69650,20.462831497192383,327.4053039550781,0.0,9195.482421875,327.3961181640625,0.019982673227787018,3360.06103515625,0.0,1.0164743661880493,0.0,0.0,-1.0317437648773193,-1.0164743661880493,6,,,,,,,,,,,,,,,
1.0992041712403953e-06,1.0992041712403953e-06,69977,,,,,,,,,,,,,,,,,,,,,,,,,,,,,
,,69977,29.40680503845215,470.5088806152344,0.0,9547.865234375,470.49932861328125,0.028717000037431717,3912.66845703125,0.0,1.0839482545852661,0.0,0.0,-1.0930973291397095,-1.0839482545852661,6,,,,,,,,,,,,,,,
1.1020856201975852e-06,1.1020856201975852e-06,70304,,,,,,,,,,,,,,,,,,,,,,,,,,,,,
,,70304,28.57075309753418,457.1320495605469,0.0,10199.6474609375,457.1218566894531,0.02790050394833088,5000.0,0.0,1.063847303390503,0.0,0.0,-1.0687153339385986,-1.063847303390503,6,,,,,,,,,,,,,,,
1.104829857299671e-06,1.104829857299671e-06,70631,,,,,,,,,,,,,,,,,,,,,,,,,,,,,
,,70631,24.534282684326172,392.54852294921875,0.0,9190.6484375,392.5393371582031,0.02395869977772236,5000.0,0.0,1.05863618850708,0.0,0.0,-1.0689787864685059,-1.05863618850708,6,,,,,,,,,,,,,,,
1.1077113062568606e-06,1.1077113062568606e-06,70958,,,,,,,,,,,,,,,,,,,,,,,,,,,,,
,,70958,22.14655876159668,354.3449401855469,0.0,10529.609375,354.33441162109375,0.021626856178045273,5000.0,0.0,1.0466989278793335,0.0,0.0,-1.05337393283844,-1.0466989278793335,6,,,,,,,,,,,,,,,
1.1104555433589463e-06,1.1104555433589463e-06,71285,,,,,,,,,,,,,,,,,,,,,,,,,,,,,
,,71285,31.940814971923828,511.05303955078125,0.0,10181.814453125,511.0428466796875,0.03119157999753952,5000.0,0.0,1.0630464553833008,0.0,0.0,-1.0716394186019897,-1.0630464553833008,6,,,,,,,,,,,,,,,
1.1133369923161361e-06,1.1133369923161361e-06,71612,,,,,,,,,,,,,,,,,,,,,,,,,,,,,
,,71612,26.53656768798828,424.5850830078125,0.0,10525.599609375,424.5745544433594,0.02591397427022457,5000.0,0.0,1.0786532163619995,0.0,0.0,-1.077221393585205,-1.0786532163619995,6,,,,,,,,,,,,,,,
1.1160812294182219e-06,1.1160812294182219e-06,71939,,,,,,,,,,,,,,,,,,,,,,,,,,,,,
,,71939,22.50637435913086,360.10198974609375,0.0,9527.3056640625,360.09246826171875,0.02197830006480217,5000.0,0.0,1.0291576385498047,0.0,0.0,-1.0421704053878784,-1.0291576385498047,6,,,,,,,,,,,,,,,
1.1189626783754117e-06,1.1189626783754117e-06,72266,,,,,,,,,,,,,,,,,,,,,,,,,,,,,
,,72266,25.44369125366211,407.09906005859375,0.0,9945.5078125,407.089111328125,0.024846747517585754,5000.0,0.0,1.0301029682159424,0.0,0.0,-1.0406938791275024,-1.0301029682159424,6,,,,,,,,,,,,,,,
1.1217069154774972e-06,1.1217069154774972e-06,72593,,,,,,,,,,,,,,,,,,,,,,,,,,,,,
,,72593,34.45430374145508,551.2688598632812,0.0,9961.15234375,551.2589111328125,0.033646173775196075,5000.0,0.0,1.0449093580245972,0.0,0.0,-1.053802490234375,-1.0449093580245972,6,,,,,,,,,,,,,,,
1.124451152579583e-06,1.124451152579583e-06,72920,,,,,,,,,,,,,,,,,,,,,,,,,,,,,
,,72920,15.685312271118164,250.96499633789062,0.0,9809.505859375,250.95518493652344,0.015317088924348354,5000.0,0.0,0.9850044846534729,0.0,0.0,-1.0011149644851685,-0.9850044846534729,6,,,,,,,,,,,,,,,
1.1273326015367728e-06,1.1273326015367728e-06,73247,,,,,,,,,,,,,,,,,,,,,,,,,,,,,
,,73247,22.060991287231445,352.9758605957031,0.0,9990.4140625,352.96588134765625,0.02154332771897316,3666.9814453125,0.0,1.0548921823501587,0.0,0.0,-1.051525354385376,-1.0548921823501587,6,,,,,,,,,,,,,,,
,,73464,,,,,,,,,,,,,,6,24.079177856445312,0.0,,,,,,,,,,,,,
1.1299396267837544e-06,1.1299396267837544e-06,73574,,,,,,,,,,,,,,,,,,,,,,,,,,,,,
,,73574,21.313173294067383,341.0107727050781,0.0,9723.986328125,341.00103759765625,0.020813051611185074,5000.0,0.0,1.0589457750320435,0.0,0.0,-1.070281744003296,-1.0589457750320435,7,,,,,,,,,,,,,,,
1.132821075740944e-06,1.132821075740944e-06,73901,,,,,,,,,,,,,,,,,,,,,,,,,,,,,
,,73901,24.587709426879883,393.4033508300781,0.0,10274.53125,393.39306640625,0.024010807275772095,5000.0,0.0,1.015978217124939,0.0,0.0,-1.0201176404953003,-1.015978217124939,7,,,,,,,,,,,,,,,
1.1355653128430298e-06,1.1355653128430298e-06,74228,,,,,,,,,,,,,,,,,,,,,,,,,,,,,
,,74228,22.31891441345215,357.1026306152344,0.0,9809.69921875,357.09283447265625,0.02179521694779396,3291.99951171875,0.0,1.052679419517517,0.0,0.0,-1.0629796981811523,-1.052679419517517,7,,,,,,,,,,,,,,,
1.1384467618002196e-06,1.1384467618002196e-06,74555,,,,,,,,,,,,,,,,,,,,,,,,,,,,,
,,74555,30.258228302001953,484.13165283203125,0.0,10107.0703125,484.1215515136719,0.029548434540629387,5000.0,0.0,1.0927067995071411,0.0,0.0,-1.0922274589538574,-1.0927067995071411,7,,,,,,,,,,,,,,,
1.1411909989023052e-06,1.1411909989023052e-06,74882,,,,,,,,,,,,,,,,,,,,,,,,,,,,,
,,74882,32.41664505004883,518.6663208007812,0.0,10308.5556640625,518.656005859375,0.03165625035762787,3050.763427734375,0.0,1.070602536201477,0.0,0.0,-1.071528673171997,-1.070602536201477,7,,,,,,,,,,,,,,,
1.1440724478594952e-06,1.1440724478594952e-06,75209,,,,,,,,,,,,,,,,,,,,,,,,,,,,,
,,75209,24.405881881713867,390.4941101074219,0.0,10517.169921875,390.48358154296875,0.023833226412534714,3621.097900390625,0.0,1.0621312856674194,0.0,0.0,-1.0662161111831665,-1.0621312856674194,7,,,,,,,,,,,,,,,
1.1468166849615807e-06,1.1468166849615807e-06,75536,,,,,,,,,,,,,,,,,,,,,,,,,,,,,
,,75536,23.85586166381836,381.69378662109375,0.0,10311.724609375,381.6834716796875,0.023296110332012177,5000.0,0.0,1.052445411682129,0.0,0.0,-1.0616185665130615,-1.052445411682129,7,,,,,,,,,,,,,,,
1.1495609220636665e-06,1.1495609220636665e-06,75863,,,,,,,,,,,,,,,,,,,,,,,,,,,,,
,,75863,25.069543838500977,401.1127014160156,0.0,10190.0380859375,401.1025085449219,0.024481354281306267,5000.0,0.0,1.0477697849273682,0.0,0.0,-1.0468679666519165,-1.0477697849273682,7,,,,,,,,,,,,,,,
1.1524423710208563e-06,1.1524423710208563e-06,76190,,,,,,,,,,,,,,,,,,,,,,,,,,,,,
,,76190,20.63811683654785,330.2098693847656,0.0,10216.4208984375,330.19964599609375,0.02015378698706627,2390.9033203125,0.0,1.0631260871887207,0.0,0.0,-1.065678596496582,-1.0631260871887207,7,,,,,,,,,,,,,,,
1.155186608122942e-06,1.155186608122942e-06,76517,,,,,,,,,,,,,,,,,,,,,,,,,,,,,
,,76517,20.336957931518555,325.3913269042969,0.0,11095.533203125,325.3802185058594,0.01985963247716427,5000.0,0.0,1.0624839067459106,0.0,0.0,-1.0667994022369385,-1.0624839067459106,7,,,,,,,,,,,,,,,
1.158068057080132e-06,1.158068057080132e-06,76844,,,,,,,,,,,,,,,,,,,,,,,,,,,,,
,,76844,19.471311569213867,311.5409851074219,0.0,10221.349609375,311.53076171875,0.019014328718185425,2284.036865234375,0.0,1.039919137954712,0.0,0.0,-1.0504260063171387,-1.039919137954712,7,,,,,,,,,,,,,,,
1.1608122941822174e-06,1.1608122941822174e-06,77171,,,,,,,,,,,,,,,,,,,,,,,,,,,,,
,,77171,29.557687759399414,472.9230041503906,0.0,10584.845703125,472.91241455078125,0.028864283114671707,5000.0,0.0,1.063105583190918,0.0,0.0,-1.0757569074630737,-1.063105583190918,7,,,,,,,,,,,,,,,
1.1636937431394075e-06,1.1636937431394075e-06,77498,,,,,,,,,,,,,,,,,,,,,,,,,,,,,
,,77498,21.72637176513672,347.6219482421875,0.0,10384.3681640625,347.611572265625,0.02121652662754059,5000.0,0.0,1.0486730337142944,0.0,0.0,-1.0600649118423462,-1.0486730337142944,7,,,,,,,,,,,,,,,
1.166437980241493e-06,1.166437980241493e-06,77825,,,,,,,,,,,,,,,,,,,,,,,,,,,,,
,,77825,26.32355308532715,421.1768493652344,0.0,10511.1796875,421.1663513183594,0.025705954059958458,4198.24609375,0.0,1.0534542798995972,0.0,0.0,-1.0533934831619263,-1.0534542798995972,7,,,,,,,,,,,,,,,
1.1691822173435787e-06,1.1691822173435787e-06,78152,,,,,,,,,,,,,,,,,,,,,,,,,,,,,
,,78152,15.655129432678223,250.48207092285156,0.0,10462.208984375,250.4716033935547,0.01528757344931364,5000.0,0.0,0.9932736754417419,0.0,0.0,-1.0024049282073975,-0.9932736754417419,7,,,,,,,,,,,,,,,
1.1720636663007686e-06,1.1720636663007686e-06,78479,,,,,,,,,,,,,,,,,,,,,,,,,,,,,
,,78479,22.90178871154785,366.4286193847656,0.0,10161.9677734375,366.41845703125,0.022364407777786255,3350.7431640625,0.0,1.0572391748428345,0.0,0.0,-1.0674200057983398,-1.0572391748428345,7,,,,,,,,,,,,,,,
1.174807903402854e-06,1.174807903402854e-06,78806,,,,,,,,,,,,,,,,,,,,,,,,,,,,,
,,78806,20.21259117126465,323.4014587402344,0.0,10468.2841796875,323.3909912109375,0.019738219678401947,5000.0,0.0,1.0641570091247559,0.0,0.0,-1.0695390701293945,-1.0641570091247559,7,,,,,,,,,,,,,,,
1.1776893523600442e-06,1.1776893523600442e-06,79133,,,,,,,,,,,,,,,,,,,,,,,,,,,,,
,,79133,21.57424545288086,345.18792724609375,0.0,10553.841796875,345.1773681640625,0.02106795459985733,4079.84521484375,0.0,1.0419988632202148,0.0,0.0,-1.0531138181686401,-1.0419988632202148,7,,,,,,,,,,,,,,,
1.1804335894621297e-06,1.1804335894621297e-06,79460,,,,,,,,,,,,,,,,,,,,,,,,,,,,,
,,79460,20.99177360534668,335.8683776855469,0.0,11348.83984375,335.8570251464844,0.020499086007475853,5000.0,0.0,1.061893343925476,0.0,0.0,-1.0653945207595825,-1.061893343925476,7,,,,,,,,,,,,,,,
1.1833150384193195e-06,1.1833150384193195e-06,79787,,,,,,,,,,,,,,,,,,,,,,,,,,,,,
,,79787,17.737655639648438,283.802490234375,0.0,10380.080078125,283.7921142578125,0.01732129603624344,4814.0859375,0.0,1.0212063789367676,0.0,0.0,-1.0310899019241333,-1.0212063789367676,7,,,,,,,,,,,,,,,
1.1860592755214053e-06,1.1860592755214053e-06,80114,,,,,,,,,,,,,,,,,,,,,,,,,,,,,
,,80114,19.306459426879883,308.9033508300781,0.0,10595.17578125,308.89276123046875,0.018853317946195602,5000.0,0.0,1.0342309474945068,0.0,0.0,-1.0510001182556152,-1.0342309474945068,7,,,,,,,,,,,,,,,
